Initial_Speed,Launch_Angle,Theoretical_Range,Measured_Range
80.80060120463672,64.52463840033033,516.8446696388233,516.5841999622297
99.66751964151959,81.01906920216632,312.2697670050081,311.73358903473456
91.96806703963391,64.823430465229,663.8823548562669,663.359425909508
24.446647400632607,86.52854212210804,7.364198789840103,7.964287964187724
27.600273584371962,60.268134251506005,66.88305518237689,65.35900359030596
20.266218367406907,35.78538313694571,39.720263465029426,38.800549933690434
92.63920849275029,82.95794599473118,212.8849014320329,214.2616777507677
24.647829220150555,68.96669721883782,41.49151480825586,42.223153218944354
32.89521696410786,19.367751670459235,69.02092802643233,66.86945018364827
62.19377264894664,12.30151426129435,164.1577174799938,163.9429204134846
48.25791255377582,60.923868513931005,201.65434910392005,200.53041406112874
79.06264693214877,13.756172860295424,294.3465897694795,295.01037223548093
33.1519707200486,23.32051575467821,81.45614387544015,79.77024772027312
61.99051017200709,89.40461830271761,8.140535840707965,8.143678281930708
23.51387365553512,68.50177485422668,38.43561445214584,37.59164820031463
77.72420067065491,63.84023823493833,487.3680480122944,487.55296261437144
72.08296092027749,87.83060311229158,40.0707480784135,38.51040894329892
32.3908136478662,21.911366639063097,74.05429726575994,73.77877958778548
15.430336849037785,62.22362655518458,20.014743819400117,19.42290279629028
37.51513909350368,56.01104456501412,132.9971364640647,133.7977340119967
57.37630901669191,10.083974850753412,115.69901605356772,115.98054936797864
99.31996448607774,30.197891393397043,874.284938601487,871.030621225892
26.802476840229172,17.011362823014736,40.97300112666327,39.282713088126094
43.876439716463004,11.787874993938754,78.48950039766221,78.60992077627957
53.30138706393689,81.96761671862804,80.14095169985404,79.06013659183537
54.76177690816296,35.0580727755145,287.46917997458627,286.5565243171943
14.219222624113407,67.34817858363033,14.65065767298749,15.815077679600632
59.97520166294162,15.80600204154961,192.1949173736811,192.0758034171421
75.47498992296477,42.373749375396486,578.242020635062,578.2995175920589
16.742995473359667,34.38476489235572,26.636332618293036,26.809009712602045
16.06498360675911,14.220091361875316,12.529056126330598,11.681654994541308
35.18833569798756,56.88964710735985,115.50468076376036,116.26533061120067
24.648167519492304,28.246860215780636,51.63870567067407,51.3952381993343
36.37203566256274,58.15592335278873,120.88308576332247,120.56081634064653
63.2223249458766,17.81974836247705,237.41301297021369,236.03103538762332
17.585367957384552,87.78080503247584,2.4395082933017123,3.065967181766557
57.60640744112329,77.83812778581962,139.33363267870183,138.5044403549649
45.79257659092155,48.79984029491139,211.87981198269446,212.92021959198792
25.97354137571743,29.018769013554504,58.34336559927561,58.04527186510089
89.87354963458253,87.8284991943419,62.35139593802589,63.137029912620044
93.73666471197944,21.51102673948495,611.1003140079403,611.3419297384005
95.72555695764491,82.07001301818752,255.2737950067303,254.28301673565312
22.635068558754075,26.068449085519923,41.232103195747364,40.21828142293278
40.13808456330281,49.6007430465025,162.11364191361724,161.53569086287771
29.192307574878747,43.4205227941979,86.7376060548752,87.51815244074885
52.30516542506018,88.14210798455403,18.073551898722517,19.256888227475542
72.40648065660582,15.601857584140824,276.875654124421,276.06006530016236
54.77899164302086,45.580586891174235,305.8228043075167,304.80940733658855
66.09584378797304,13.731280419831844,205.37109363072827,204.94593777006895
91.59968088496805,60.87070754184526,727.3744264337922,726.9794211827282
87.21436255048087,52.14561827141424,751.371587136548,752.8912475640706
55.80776925368525,86.28067084287474,41.10281464715039,41.59458715189075
22.7185647414951,26.479353098310145,41.99575087750148,43.912443969730354
17.912923835612872,69.13117606827299,21.7748957830061,22.234780784355248
96.04673095210954,80.757258206872,298.1560474918448,298.7778136779793
20.128873648878752,18.738122814945626,25.129411320336473,27.63200045966961
55.795673089391265,15.41117689154925,162.60071973345217,163.0769040316382
69.59023332642062,56.64407256593955,453.4402555791113,455.115128654853
88.65308811314667,56.63748829470912,735.9599378494889,737.8563029285834
67.42980125758463,11.980810085457216,188.23226086759607,188.90359357583705
57.091834851081934,27.645024288675124,273.133309758773,273.122994212708
65.58725341706403,40.75196256566217,433.68817865285143,433.1550840120523
37.335490103024775,17.164846701346008,80.13430263346648,80.00686511422067
35.035463138229076,57.92300430307189,112.60930123934097,112.78071659376232
30.539967290783753,47.1949207477201,94.79647368145174,94.35547227613938
94.13392592059218,73.9955069721227,478.7866454962623,478.27733456088407
48.96817417164664,14.819622294228791,120.88095327710724,120.99095765652818
69.3897177672228,49.25206268186766,485.4224052550753,486.4113521938826
59.035329612129104,60.46522667257374,304.74520693415235,304.46276721866326
62.87855754180491,70.1211578359603,257.7539201632605,257.1420509365049
44.90691378357863,24.401975564895206,154.68244216686017,155.44216088224505
89.06116341349926,44.74320697903111,808.5190795565919,807.1603683057381
46.71013100898621,49.182441158542645,220.0433511665472,218.0922474528224
83.00556790127507,44.733854079471165,702.3065213759796,703.366806066851
79.09683650756322,80.0221929140692,217.65839987599605,217.1956345110283
34.09983594052005,66.93340950490456,85.4559398935094,85.20499222817985
61.90888969530468,38.57760029600924,380.91745298702386,383.97073945898603
86.74470654844104,44.69986279825435,766.9960403366291,765.2374025712071
14.456698470682017,32.33649769222418,19.256639884583976,18.936675415663153
64.82879529761456,11.015937931139277,160.7088714895679,159.9215331464062
94.41946938412855,51.26490138538219,887.126339452225,888.1046793422317
72.19225361865338,66.53903503525277,388.04945233322,388.4282005762734
11.035857153476952,27.553542126475943,10.182979538031935,11.919911913931845
27.104993492459062,63.73044285061294,59.44613169308494,58.3693962670673
61.98503247484886,68.76805906121714,264.41680146320135,264.4886098416945
53.20635117347869,72.34046052486826,166.83338819137924,165.76332707235827
40.76264916722292,51.54887876855071,164.97114578282927,164.89658040898286
33.863321095763176,26.462952681195986,93.26418940002748,92.87013697144391
41.0677078417767,79.21747028750814,63.19128487428677,61.38827959430441
50.4846537713174,79.49476968764915,93.15054933048724,90.65338376317031
98.63977284446248,46.63711512480975,990.2061072570694,990.7519747960589
41.04633751331424,19.06449011901838,106.04012638046656,104.60784186971748
76.7320753738635,78.7736523587907,229.2228360976309,229.74584400594492
46.2189526782694,50.136534754484046,214.26567147490098,215.53845678857147
65.17895544039531,31.12029604319946,383.21761449496984,384.60720688418866
71.94815481801206,64.31296170287538,412.2434264896886,410.50245435197917
18.582041639565062,89.38093563138577,0.7605490376017195,-0.12614504248390068
47.676390199970754,86.74832044657558,26.243387634178294,26.966787127196767
12.693428499192095,19.146748451440487,10.17802073522036,10.239002470225644
13.50582696269742,33.35628147666793,17.079225029088825,16.61018413751456
35.03902886209396,89.01524790504149,4.301142792624261,3.7114144209395645
16.663621958620112,70.18463975955694,18.05425316854726,16.356908940574826
58.25335145408507,68.02128906410044,240.10966757534428,239.45152311767438
66.330617663335,85.29924539145868,73.26278043303044,72.24285629376908
40.18778756931562,81.88529623266487,46.01252410158053,46.5625531121682
69.58765218853523,49.43354737932012,487.72346175101274,487.44816005136636
42.350769569366136,14.318776642489395,87.62566411683511,89.08934703812206
58.93773418114174,77.35572246374021,151.26066057613417,151.48278279597534
93.90507112518513,13.068497505009926,395.9803645701518,397.90435814334495
93.40799123536965,65.19752369280823,677.3650094349737,678.6335475190955
45.516058059579535,78.05302025674263,85.5389205545566,84.97380812519451
14.901659209764668,25.591288827472496,17.636803196941116,18.500289659126384
78.92588385848474,87.91550159620579,46.163161167439725,45.72907142158235
46.283196970613474,44.50870581787896,218.33020658032802,218.05776874142418
68.47712237248902,17.462374491375805,273.65132281923945,274.32454406671064
58.688297680769786,40.55106162936498,346.8772679923861,346.2856256812851
42.26367027457788,20.18091866655201,117.9181482165322,117.88061574389369
27.35020324452107,18.703636341343053,46.32140390088412,46.570958058079555
33.98376017423239,14.688261648359777,57.75029986839104,57.7288660775672
86.51527562583286,49.83217501184562,752.1578154280079,752.3299606619611
56.451841628549694,77.65304164003494,135.71414285192097,135.35754306192197
39.347855273998896,48.62576796036025,156.56168297781653,156.53280082872354
72.59356969994708,27.671449042505536,441.87576632985036,442.31907009618055
32.65982357832512,51.482852213447295,105.96014109720852,106.74323175342842
34.95868352108971,14.596227205712289,60.76222748064596,61.10413598429608
55.437078273630625,86.48378225017944,38.3551603419071,39.47343311843964
51.59065798184936,38.419088844464,264.18737083375646,264.91528495095736
96.3237673370142,30.313606778782713,824.2118035738624,824.5754345060652
63.88829319517755,45.30776281361401,416.05285141832155,418.461881555225
15.291178886169398,28.540095994798385,20.00775991942812,19.26968461807702
53.35957456930537,26.571721533160016,232.23170918674694,231.81395023725364
64.97521450713992,13.97532883640011,201.71193176232416,202.99521265237004
98.59121546859276,27.760707158887143,816.794232633135,817.7975581686675
23.144419451495104,73.9367828318488,29.03776702237603,30.594086270497172
91.9504470563334,74.02777420870814,456.00944983930583,454.2524801238379
34.3274383311239,71.44824740919795,72.46294755980726,72.47099392320251
81.61589631505484,89.0652273039276,22.152197518793926,19.99595142492828
38.07158414688717,64.61968519650705,114.43527682254083,115.51917483582578
42.835388329254386,53.10773338241991,179.60003015700343,178.903585976661
10.15676962560315,24.601921131698337,7.96086715434213,8.148206922652376
29.77181729693426,53.323793499729994,86.56567267008197,88.36015810344666
41.82430084357017,87.81349023616036,13.596446747185302,12.71285563318278
69.84311216926902,36.20632348207092,474.0109105018528,473.32073787885116
77.25509958767263,67.93171883375166,423.66826073000624,425.547546776392
61.48801099851197,74.91647655390653,193.6723577129326,192.57477805680364
71.73601603925505,41.05884491177128,519.6162380839031,518.9422612298044
24.672308503484864,21.529431735736956,42.365454597670514,40.82802236359753
59.85832165526042,26.603560531773986,292.4874808714626,291.0216402691157
97.88708943632815,69.73734295881913,634.6741333489074,634.5250369560058
71.27221170477425,58.19094580208932,463.88235136374846,463.91051106926267
57.34156407426679,70.13767629156435,214.20915196944563,214.40598930667926
90.66842324748316,84.6809097556487,154.69977031737002,155.43176844278614
26.972157087650253,17.94987226460367,43.48436840741612,43.19596230879527
50.444577637497716,42.63844047014519,258.51318879556123,257.97542682802066
68.64857664998112,47.1450304015114,479.04412691804094,478.9937763564993
68.57030972762115,54.81863282517477,451.41908745901213,451.69052204720305
23.481986056227957,65.68404959403809,42.18317630332386,42.36343229421043
53.48369998171334,68.5945143101226,198.1598269945913,196.64153492492886
67.83474640099534,57.435331630423434,425.5659935034172,427.2764658699798
91.28695552263189,33.42152072597213,781.0297717731196,780.9098820798897
49.28571348232515,84.48609454489801,47.364724801333615,48.564072372820746
93.27124488340004,55.23565734167856,830.7979132847628,830.7365924007078
98.88515294468219,16.603858287441593,545.9046746283556,545.3149600681536
34.47444024809194,53.29803532831457,116.10369352357891,114.7758230138623
48.62148306905087,64.43692172221378,187.6128606909845,186.8054238436519
61.896634798328265,27.55716095768034,320.3576226174173,320.84608537572365
57.26891550358989,22.168882976591266,233.65538551308055,235.96170002507546
35.697765708651595,11.721115810727438,51.67783445081474,51.660306773941315
65.86833614797649,18.77986671291694,269.600649331429,270.23823737525055
36.96054691814191,75.31973299551873,68.27674289895353,68.20797614560105
12.828418159304944,22.202204707620304,11.738171629780998,11.362003377170181
27.682676883637832,81.35436105079714,23.218764765329766,23.41187952215707
13.231594764478931,25.844390012494458,14.003420011589661,11.851350495971808
21.85479929983552,40.199402297173464,48.00630439260828,47.28577242599169
79.21325404790373,63.28503487770098,513.7027766754753,514.7854113263268
42.38669217526927,73.71088242899617,98.61341766696549,98.31078716730968
69.3047683701391,50.00249829705826,482.17201937069996,483.20602620773604
68.89446593839303,79.22498191757764,177.720160474398,177.37279727986547
26.33287045519847,55.75607671498006,65.76108969469142,64.53925633658292
10.262630084724544,47.09939474378316,10.707328818388332,9.02079677337263
20.136767096742673,39.15763112885821,40.47771140034957,39.740495843766865
75.48451068755901,34.42240227027415,541.6827762806162,540.9367603167834
60.190028843890694,11.439693104622162,143.58133154998941,145.49961875207936
78.208684649975,30.510596468723374,545.4428085552867,546.4170635841459
52.593789648905684,65.83504170379652,210.62603451070314,212.57201338244158
80.15264458892867,62.084408360778895,541.8449938810803,540.5841028218083
65.14503177955487,75.48640695651562,209.91156621512448,210.78150188677122
25.850028549711855,34.44639206438241,63.5465463232851,63.504972077739644
92.20706335493159,54.28355231244196,821.571634648831,822.081159836614
82.09835290241402,20.122358686315856,443.88292257745775,443.9978832283132
37.33672666320302,34.617018638516925,132.87155647698546,132.941587912888
50.68618405849552,85.3766528169742,42.08111143843451,42.071513928752076
83.85764305054386,64.81700071129586,552.0559115479699,552.276238669414
79.56188190152734,19.49920024030698,406.0672067951712,406.835127073627
92.83419295214655,14.126376437023795,415.85344888906116,416.80959290495133
41.55640945975766,62.34667540750237,144.7404217467724,143.15545553346425
45.86359145256468,36.2609444470192,204.52146380765242,204.53222669386562
62.04544134814634,77.61686661164609,164.39147964296507,163.2921509053804
90.45238559869169,57.00429624502294,761.8547901596149,763.1528940221856
73.87228095863168,34.01901292152877,515.9126926079408,515.9842833636275
19.974165434261113,36.54215541220768,38.90984145244481,39.7910409526815
58.43271347790792,43.345624314268385,347.47097581003356,349.32057816238284
65.49842340510298,75.2281953411306,215.63300785610838,215.2602401634021
76.45699741167388,38.74599771594192,581.7461629239301,581.8145084730737
63.94730042424502,37.16325887893433,401.3461674112545,401.17311052942483
53.444888375695236,57.3459098414883,264.54569353347193,264.4848014773949
36.57878354645527,88.74620671423597,5.967386404319346,4.998430591592948
31.26732237335102,83.81237970879062,21.358040545757905,20.553275326129487
27.876762481870095,79.46021343390767,28.491337691674033,29.122026868760397
38.90969253169918,84.8836043457556,27.416175418691346,26.126281200760296
88.52147384935024,54.92179888132836,751.3525071915423,751.1569293021927
93.42124188397364,47.383534644274725,886.5788040689612,886.2776873799321
89.65197555957678,72.27442969672133,475.2094628874806,475.75668956075225
85.80447510819792,43.96073711154585,750.0065145270672,749.8849537512093
77.32756117900871,50.9173702629846,596.5795795122201,595.5616059158287
81.6219278805264,21.56898542866991,464.3514452170629,464.0080447983529
85.11239667188919,31.505738681272426,658.0241498263456,657.4338584482443
20.693470821037643,85.50602467744933,6.819508394357677,6.893727506762196
71.07685828148662,42.72053448732169,513.347202342244,511.8234041533727
98.66808303886279,78.82726237738667,377.29885622856364,378.000485321145
74.86375405634843,67.52148054328987,403.67635646707225,402.3969314395948
28.538875948016276,25.124866007159625,63.83223273221529,63.456663928163216
28.75886774292621,87.8081021259701,6.444339717895688,6.825803426476434
21.39708084184861,60.50727163375938,39.998102342962476,40.7941499932387
84.39164745651539,28.81177519141529,613.1324615356343,612.4642014244829
16.495991066233053,82.54689907298055,7.135459094330641,6.554977544055357
87.71692221936425,63.702839257356615,623.0344756441104,623.1186237688485
83.96876971362518,27.097082548815088,582.8941537526525,581.6447208779132
96.4687995936368,60.60718012023835,811.3157403033531,811.2317529693994
29.488766894451754,24.546977254021147,66.99495965626576,66.52981988492904
98.34703192334672,81.74428431144447,280.21264221101904,279.6805276447971
92.87524263071941,52.593286360664166,848.5809759588091,848.9198712150965
35.21882593320761,28.652005046065938,106.40448595015096,105.22947150597743
25.246461597048334,14.825020944387441,32.14214810044022,31.817328957014585
37.3407317981278,40.96877762602914,140.72868633252298,141.68131541262449
88.15703265050654,81.18939757388952,239.82244298536065,242.12954133029461
13.377223222352134,32.5180690404985,16.537363747416396,17.639903639783626
38.65285005477584,80.4112755492522,50.029100990047446,50.49719007199554
19.16426224752579,47.91318190162018,37.24481898961963,37.00696093779302
77.92432930660284,10.236044177303114,216.4891587791162,215.0272197850247
80.45140973811868,55.91431885647551,612.4726552103334,611.0146417517745
86.60530544457735,13.742338799267761,352.85998288206576,353.4357460327573
97.40606100670234,54.310420374457784,916.5411950038543,916.4467526800801
64.80624904802721,75.61832646425965,206.007985430056,206.6201204302775
17.00127664609884,17.584043746839953,16.970681159894536,15.85410354769829
55.03949757312682,11.53034061204485,120.95948271657856,121.4285512147026
62.42045051342783,47.067620752113456,396.14363409720625,396.9509569586785
64.98511665801402,47.59391628876264,428.72233631965844,429.02248699066524
19.541008645917916,42.900158301639195,38.820153294599585,39.83066591357013
39.829813959549995,80.28558829466603,53.79182309167972,53.28075820554546
92.79684293815352,83.58073990427081,195.05152701308614,194.76648778969644
84.83613429381873,69.37930621640106,483.6503856020399,483.2214306001616
39.32710048299904,87.75014901248176,12.36885341155051,10.669524160833776
19.808192039919632,14.938685895776942,19.924009166414415,20.901617461202104
78.82218617323932,65.22420919760563,481.9556611101582,482.93119638600257
88.30948549384883,82.62515975426065,202.39427572756134,203.22450102256082
72.5224544781313,34.22374496841159,498.6512225641553,495.8262849343188
58.92939042633909,53.09549098713277,339.95295182637847,339.17636975891514
68.14665409400618,67.26512902642796,337.4711244640259,337.8262350919622
87.32571840472848,67.68287642507347,546.1478107610504,546.6101928076024
74.57545869040915,47.29886909925231,565.0970823114716,565.010548234956
36.236123324245085,88.84345923249472,5.402126927933953,6.011282629299967
97.77895099340903,81.05526406234706,299.3761229080711,298.7769361135466
84.4491667511329,64.77142244937286,560.6087491208381,559.3112786133136
84.26728413378065,65.87770011826521,539.9887068841537,541.0549536702207
55.805572330457395,26.86906326997783,255.97329660796558,257.56891099578195
77.8133351307843,42.374222880213836,614.6278578399688,613.669095675849
22.45596762510028,30.24476567002636,44.73489385781372,44.011639266947185
97.08397755012375,57.4210769275681,871.8820505204409,870.5324799138932
88.01992355955532,32.91197839497588,720.4876891498426,720.8182042355734
41.576237063488485,32.6152595269797,159.99542770329973,159.94610223763075
74.48528579923848,48.88013787746401,560.3717638606187,560.4119679361662
49.16737374476059,65.86205971581592,183.92139530599783,182.38393766288394
54.03083848903942,57.259695207618144,270.751146633208,271.6287011338551
74.36567647602058,48.608926545748204,559.2691023192741,559.2855405412091
61.45885567177517,26.432615683483736,306.9565363358134,304.6514307666476
52.36968835590042,50.4328907649246,274.5579770214905,274.77282593405374
12.495577771370245,47.68136969043857,15.846690553016158,15.007269148931638
60.967531068082785,27.589329104387097,311.0554476326499,311.6205536747939
33.811456492256795,85.03081926876317,20.1127252805701,18.618782849753742
72.29106444051484,82.17167643346977,143.7665910232025,143.34648896699395
54.13777113085814,56.21679456117417,276.15648712203136,277.1398636490344
31.704314887997437,35.94993575735273,97.39277245188441,98.19195900927187
74.6400302336256,56.97569978752562,519.0014806006603,518.2466798738633
92.77235335814696,75.51190535148913,425.0241533578815,424.8219422301642
13.047616239170889,47.63221750451013,17.280549366897517,17.953264151317008
61.489590461863436,28.673225900664523,324.5037502383267,324.8911568778919
60.03254456579187,36.76565965864191,352.29924318962895,352.8749871431016
40.752489777406886,54.7289521284073,159.62418721492855,160.55250711088445
33.3083786544544,39.34673116092572,110.89869991608484,111.3177584023098
33.524366592072134,78.98596356607197,42.968863898142295,43.94009209013657
95.3382406217681,52.026198742858355,898.8146860926154,900.4179631612302
19.055831168813683,81.18951060596031,11.205372377772019,11.260557027838251
44.019088856011805,31.36208019926306,175.55867502788757,175.19620819705568
37.223600132697555,18.09161697105191,83.38571538905903,82.99342466090145
24.257050688200152,11.082366337833198,22.628730613080364,22.175016225727685
47.04766049904696,39.04941713632019,220.7852282601739,219.4441269006291
40.929977807364594,83.84152190289632,36.428779358564604,35.45205653842944
15.164646108456974,21.93907249863414,16.248314803271146,17.248683659938056
41.29692789967129,36.668382250107676,166.54631331133191,165.27755444344433
60.57047922401754,17.13596478944882,210.5983356564248,210.39470561220165
24.434608673802295,37.83274798118475,58.966567502770815,59.6593711795206
75.81490677806318,35.093910090745936,551.2410436449667,549.6932653944106
28.866255337724727,72.98561001791708,47.53317068706718,48.42623640700506
26.06294428488202,88.09701123753065,4.596233614612841,4.091027457753362
15.170810499934644,18.949578194589513,14.41154020404358,13.287760098024055
87.16689209008076,21.6857356925643,531.8845625296822,533.0759663205163
16.571698054499095,86.78394010226432,3.1360567403503317,3.5612645192212877
72.63038668235393,16.229470996599417,288.59934039550285,288.1135766710734
11.675059681932629,41.36150074997556,13.782784544661855,13.200787987822327
49.924441743598074,71.58919747062458,152.27204492573117,151.75562165986682
42.26355049705382,23.93810613459168,135.0484879391478,137.1216619255727
30.071585271006555,86.57548728711548,10.992968785740162,10.935933371814572
76.26055053415422,29.00910598707548,502.8489848032659,501.0965258775925
60.467985784974346,32.81604097458934,339.5156280155688,340.4342104958093
42.282959702585856,30.340057540908603,158.90154432490334,159.8551003789383
10.150962742465003,13.372809519901177,4.727016093775287,6.133068546498367
85.77322921650695,17.95812356677,439.92442835851284,439.137398443195
36.93382102554544,82.22446227398085,37.279655194141824,37.42504082327341
98.1819938886814,42.1110037770275,977.6482101475606,977.9490718626348
12.907583620777714,41.57857911555523,16.862276435128948,16.72858268932525
95.08810748648078,11.16725135009359,350.2532122426312,350.1920854215343
63.058021299189065,33.18639581666097,371.3547018298047,371.51547043174855
74.41455663779034,22.30285862095828,396.38984436214895,396.3048525977632
55.47276914137761,70.26835798316029,199.37164018864567,199.65846499581343
28.511034197930055,31.498545600052843,73.82893163042436,74.7777317537418
69.66491641547447,56.337936729968604,456.47814875895233,457.51456940722727
87.52640005355009,20.44309510405453,511.1609492757782,510.6919325229799
13.493306307327105,60.586822948991255,15.879607650675146,16.13657564717013
90.843835043374,37.70349586125212,814.105277997238,814.6979859546776
19.90276206046995,75.94903951844498,19.020276475953576,19.485892035074816
37.49258237119835,56.92377964877552,131.0582837461082,129.65530104670108
11.43109431736508,39.41517111426868,13.067762679429318,13.774374632631279
72.08810005814735,52.27586502638538,512.7411206510444,512.8629924707052
28.682382219369753,77.46515535152325,35.53372192833919,35.84735892771109
30.145229158372796,78.29393837815874,36.807194978147905,34.5975092760621
31.577948071602123,80.69842049077799,32.426885028242175,32.07607470726523
40.08677363496599,50.913284952986075,160.33005347952664,160.4823328264035
13.112782502556644,12.313716834237534,7.304003653005087,5.953913234044408
47.48069584124559,13.49608749386415,104.30268309097346,104.89340431333032
53.38167766288038,34.38549417692449,270.76769116382616,271.40134874484187
35.26528448415877,77.93927704392952,51.808470727980804,52.31464542937804
88.18977340823326,38.064563292448234,769.6874875478337,770.9926527229039
45.641033697993095,40.91669109932546,210.1915941610185,209.4063480634327
42.20475529133858,40.831715477646014,179.65543292944136,178.6333340846405
71.63889776485988,28.661907994101206,440.3563952122303,441.50214702148924
53.63198365585641,83.19565143704015,68.98926732064905,68.66265622374948
18.487713055882722,20.757560762686317,23.093590852779858,22.382833230189743
15.663119182844262,41.84637013986263,24.857116281596028,22.770988205007267
67.71626719878125,27.02423161672524,378.39144734808,377.1877871691375
53.669321356809675,60.47234147585097,251.82593683521992,250.5816085577868
44.19932424489444,38.27088115425643,193.67325118842749,193.17948026383732
81.57909663182508,85.83738433257929,98.2275193242526,97.53237829265427
72.95958735477168,47.94165736087941,539.761780370267,539.0616185661345
88.52451302613224,22.444445968330406,563.7665025772678,562.3486319265237
89.15098346177722,69.70241650173182,527.1944908106689,528.3912925475228
34.60970671914876,20.375540223830946,79.70575947340232,81.3864708528091
52.55537640328956,45.55304690389865,281.5038652553551,282.8855091565902
33.82298135954845,73.63076679877494,63.066044330056606,63.765092304273104
93.63355697502392,21.169533591274863,601.9250102431184,600.6124333702284
91.26351166809177,24.201837618778228,634.942543774178,635.0042694624843
53.02903461214608,51.863499378820386,278.4666937925868,279.02103190213086
15.111019364505209,71.64472748131303,13.914083141682204,14.259477425983865
28.839657343275068,89.64009625321951,1.065107619984277,0.2309831566430406
61.46148012259698,85.39471216676748,61.63523198119668,61.35692575650745
65.2580372857504,68.94737871948477,291.06784618962996,290.1884526774762
14.686646922563991,21.18625597830124,14.818447639467266,15.75377793162525
77.07799956928018,39.74723843028823,595.456751173624,595.6967942698398
24.609254171404515,21.108890255417847,41.48252133082895,40.224790914759375
27.625749433326632,58.40512553803978,69.43362717461474,69.37532984888902
73.28130856346797,20.10526583572938,353.41066314036925,353.4067480791829
73.0867304814715,28.02939717919206,451.7337503715844,452.03733519503714
52.60054121922417,66.78910961370151,204.31969059639349,205.16059730800305
41.37277182289358,44.13247914003619,174.40585947922312,175.66823066569754
71.5052280842234,53.264257470384734,499.66561900310757,500.41248819411925
27.942332758683005,38.92484739669079,77.80669717869297,78.10253735733536
22.295158535993245,45.435347585557906,50.664291509715234,50.204799317579166
26.08245823460662,63.842780487855606,54.87970864453982,55.482581956535725
57.856652560268664,23.22352912934802,247.2968824153895,246.36960981511515
19.375310328514562,47.58176789651296,38.11205100220354,39.22283996553378
19.518493442690442,15.989272351073671,20.567093309107324,19.284331088869546
38.0110187764183,53.195614659540034,141.29615503175154,141.37945210232598
36.79977385905606,25.493378768863415,107.2611835159018,105.98085133129146
45.01961007930902,18.874399178568968,126.48186792664217,125.9221413021035
26.962303634497026,85.11392368156126,12.577808661233215,12.94536757237677
23.18315877518551,88.47121710514023,2.9222895241291837,2.3998363969940897
13.298338834233814,16.685213999574753,9.915800372417355,9.730325832401633
57.51450749866554,38.806470950859435,329.3489025929685,327.8505946443
23.692677307314355,15.610777610446691,29.660696352888113,31.544621587340195
83.97957941707841,67.65771126804425,505.5444108659508,506.6656567908698
98.23071586376572,32.18633339326347,886.854103314503,886.6722778893746
48.81330282038167,12.22573561241596,100.53708229310391,100.94439286084184
75.55680207647607,50.519678251016316,571.1716093086454,571.0190924532711
56.65130853878921,10.64230855354455,118.75688434774096,118.58306079596979
32.74738715613515,24.542207506694798,82.60751435069265,83.64482588461435
37.73849827249142,65.11619794916939,110.8332291408582,112.2943472723328
93.31340934691711,22.284554821131994,622.8928281752162,623.3562147546195
17.509253114059295,13.98543341686067,14.657501863259414,14.378357452481612
44.0479139932481,47.602708383110716,196.96400886782,197.88101694965576
21.4648588391374,30.92540403021836,41.411295424033156,41.04907796411762
24.91324256868723,33.75601514712952,58.458088683538875,57.66973564794302
45.079776744336364,86.39779824513934,25.979146733594227,25.28923613758517
41.40267674657116,79.65926547117309,61.71268461225606,61.73966894538409
77.74663675428454,29.352369127319832,526.5106878790436,526.2501300750365
67.63120256131975,54.93315916727678,438.50898641239667,438.3669501775154
81.80121497208107,62.267295235496086,561.9062989033104,563.4485799086372
60.96011744079369,49.57623576751158,373.9881880614662,372.91400279737996
97.14261716529944,16.10997015760823,512.8813410945962,512.3592699878794
80.76835411697115,10.233078527889923,232.51556367555966,232.40508693243225
35.37580596312341,67.51611100087152,90.15385564549855,90.04555789735126
35.973244201393115,47.91351791453486,131.23218187299432,131.4347751069969
21.030722331480625,79.77289269969701,15.75561334901488,15.71134009663408
48.86391437125391,72.41370237614717,140.20425819833085,139.56706645791814
64.92176246551443,22.566591218332917,304.51154298927173,304.6661236988418
23.379140270017878,62.22878912377419,45.94122824338415,44.3330699034664
73.1852910934173,69.06387849171158,364.42787226442164,364.41160959733566
98.08059737358582,51.43042549130194,956.0118719014199,955.6435316895084
24.376861552352935,38.11373733636603,58.83245318487387,59.57356728801268
16.990680847440327,80.38902736537773,9.68834872778887,10.672144809483175
64.57958472387595,51.02566027947785,415.7602981952799,415.52164423812013
97.22367421869774,46.46552714840489,962.2912375277313,961.4412643169265
60.224459005142585,89.18988528571879,10.453766805787536,10.831793011012094
41.84497496786729,65.68939004279066,133.9321813464462,134.84584438442369
95.39102885566811,88.58419636939102,45.822590820391355,43.75479590627012
90.20230532680826,87.28797505740087,78.40042710994848,77.79605182739778
41.691634199326295,45.04272907537523,177.18556868255573,176.65460877467953
42.49589143085621,26.571874599474903,147.29650051603747,146.35032816985043
67.3698178378967,50.64135358575416,453.7182945214375,455.50993250704516
33.02646519590084,14.078032852387894,52.46648939880249,51.38106969765738
96.8948775716427,31.807175407246557,857.3435523894957,857.424961683426
13.508466997239099,67.39810205539116,13.199801232772717,12.810377836737167
51.94291528281682,68.87643385867247,184.91237122423132,183.5732463112788
47.47002540749535,70.5950959215318,143.96449656910096,144.01528693933054
30.05397285059668,20.235346455500878,59.76115140296619,57.2751607246624
72.36416249697142,59.758765793547255,464.5148881254813,465.1701190649141
48.22950305266316,41.11501542289628,234.9366770341869,233.96771702169556
52.320856418713355,43.26071246118139,278.5350030400889,279.13435732909625
98.47220465571213,35.18251620691113,930.981891837251,930.2652883751574
90.901800222564,16.672109466785507,462.99487084824307,464.0353775684104
36.57080698050136,53.6418954341532,130.17659511794628,130.62487055692776
56.60123901357555,63.533994064377985,260.5809531332425,260.28278060419456
91.49571762010541,39.35957687320031,836.8736508783439,836.7234236028258
93.90013231169472,64.9505848049136,689.5168047203272,689.7133568203847
91.63576288630802,10.909778517534763,318.1527790667443,318.595586757968
80.31194255692746,44.15645818177684,657.2081736696633,656.3707314774387
23.182847470122095,21.87041644921817,37.87846186231414,38.50159222739827
24.5623191605815,64.32637242914507,48.02757240150494,48.185616570987584
80.33992468229371,20.219410273918363,426.7708039509564,426.1046995976614
30.2379809730928,60.86591936816956,79.27213961606557,81.39494264756517
96.77751015237948,50.8147646394384,935.1293325440205,934.5351773330403
52.941896206068954,54.6690156325607,269.59344548959683,270.1185760988194
25.091247546920847,67.32826434743407,45.65080365565434,45.290312115888405
34.41652675736951,65.57798352583629,90.91057969877055,89.01332141784104
34.84438839223609,50.05745360787665,121.84105902871516,121.09666298054128
84.77081344096254,75.65419273824756,351.6826827951673,352.8791107180728
32.430543873827006,71.57472659056542,64.29764540982013,65.59759146366208
89.30909546525858,21.498571215980206,554.4756464239887,556.4101040629149
29.82546258070762,82.88631259552918,22.286157352789456,22.401512500279512
80.56818591811768,82.00187609294332,182.34633545770893,182.52305890700777
28.21264597562383,33.86930384324494,75.08941531019002,75.908397775883
52.631581771036494,83.53781289120411,63.15698924910702,62.05253899312507
67.14697041349658,32.46606035873217,416.3123125023728,414.58689015302537
88.57956126453999,21.513445802233022,545.7576801744299,546.729605309767
49.62693944928246,44.44314363483474,251.00589833191313,250.20888543483093
58.80832659170408,35.31046006541252,332.56663030279117,331.7530347110164
36.81075037248887,11.931806701237324,55.88100825172002,55.91904310579454
64.31390072583042,49.62065665906951,416.1663549056136,415.6958160843934
55.86613869643915,78.54297403302806,123.87062463975568,124.06494525410385
23.920691295732375,15.832199028739131,30.618964212341982,29.99247694851096
43.18742027905281,36.74856902441775,182.29554552226463,182.59969995679756
56.39064347102447,68.6490371658646,219.83299124896536,221.54543998328785
72.92140344763399,24.998438122502264,415.21700085886243,415.79702471972263
48.66572048576773,29.551793254828034,207.16372731367878,208.0410469874507
86.47474382653138,68.93781919387297,511.28739716723567,512.446745422579
48.72868502487938,83.32790987807051,55.86455290443929,54.19066385990341
31.166274702561573,29.06749466581907,84.09282793936906,85.24335125083016
38.69454486216942,44.26958047549028,152.577081013516,152.67268737510182
39.537708976824874,29.16929646415065,135.63372186212473,135.7390649237014
37.96136363369006,76.04862200744255,68.74399562174682,68.76619209179646
99.48554931245292,28.927980844154497,854.2546340966625,854.4366824744452
55.351204957048495,47.85210560859749,310.76299592301433,310.36909502561866
19.78172463106671,34.54058875241803,37.26033297738301,37.91926444426525
38.96239439953098,44.67432661480562,154.73701170542228,154.65699233263274
30.308794675677042,78.49187023363262,36.613105613118506,39.19653545574487
53.607361907572994,65.52791268286555,220.8978692251332,222.34183740357324
17.420115219048903,56.697354580260146,28.390757054112612,27.888805358710442
89.72654442725182,21.549033989713237,560.7276587527464,559.7706269084605
56.278033084189715,60.167306806421394,278.65394682681995,278.3609921137603
83.89448251385862,71.11193281691557,439.50022126746615,439.9904275211465
72.04596058936247,67.35198627902568,376.06902384941543,375.4584498320796
72.6007560291392,23.07418740491478,387.46335322249575,388.86631608547464
27.275060620046695,87.26372006896908,7.232189335384534,6.422199685474816
54.51037791691969,67.46031087428213,214.47428301148494,213.35978123656218
16.780086674838238,37.08889631233834,27.61500960455862,27.641989931746366
52.9661736966576,39.427641764561784,280.58219594097676,278.46326272414865
34.65456619390763,81.46515713108033,35.93446729962022,36.52135190390839
96.19173840832677,71.6332541412408,564.1255612770069,565.4220108441444
46.95080414411058,30.404163263730737,196.16783872082186,197.5372205486278
79.29135603547894,52.663008022794926,618.0971955607826,618.583642596851
89.90085687091467,39.8442383837762,810.5636595376051,811.5629271922115
64.63663316788247,36.52487878495593,407.38017505141516,406.49656724292663
60.19746030474854,15.179750473425973,186.69950711162068,188.74119075991052
64.54318904681048,87.47812999514767,37.3336831101227,36.97562162278626
21.20835212511764,72.09314203973516,26.829550804538176,27.57656541149583
14.665882797939584,47.12490105139401,21.8651091523694,21.266054844263767
11.709206411040425,39.26660451075401,13.697135752186215,11.682306623726799
68.1770055250486,87.99841171779816,33.077718658735584,34.43556810337637
35.54334054294789,37.29841712346253,124.15404684062032,126.5814724122689
46.725776006898116,81.58524060894717,64.43622104111793,64.45095715272518
93.98159987592203,71.90990039343461,531.5071704501288,533.3060345893265
93.65281272201523,30.764798271932648,785.9463091586217,784.3578053737854
44.984731945024,62.43752625003222,169.2339164177861,168.86216521210338
44.24768301378197,72.6445587220243,113.64667345586172,114.22206739177106
74.97394831358969,74.00490660709168,303.55850490704603,303.28787171487426
12.651140909905475,66.25766677770135,12.025820923453626,12.55181781058089
50.877877395222484,45.18580134365483,263.86380893381425,264.7804952288767
65.97504008126108,17.928375288513408,259.9025699168707,260.87394967504946
71.99964705105882,57.173687750538264,481.43758792425143,482.0665155876687
15.654578239729648,30.844352651333597,21.993068016140953,22.410828863268467
46.952459604392935,72.51470790562257,128.8013408227221,128.28307491426725
23.191058158592337,56.961567545844304,50.11424811922858,50.38937439737279
80.52657496187514,81.35873414101594,196.3759865211564,195.1351450371104
72.26340928381902,77.39366848731925,226.75472211070635,227.6578852770909
75.44023902602643,48.434130587854796,575.9824582157642,577.9094344266939
45.335467097406884,65.86739861743848,156.34436522919765,157.33883954906108
79.819737575902,41.21915913975559,643.81092379649,643.8847116584826
31.61994248774707,87.26184506157308,9.726510895458249,8.863395301582253
90.4351580206396,13.582299090135477,380.6206227251666,380.1559163788064
80.74050011098593,16.30021569178135,358.0329638444229,357.5679231242612
15.358693000171268,43.035668905986086,23.98931100760262,25.262591892465004
65.9681512651379,19.51976654049817,279.4095243364801,280.24879984597226
18.51327669810961,79.33690460989952,12.706136356546939,10.400111596737961
92.44864292351544,83.99858177795193,181.18077807686373,181.08829733684192
57.57728370759113,26.609099350169974,270.659541787638,272.2214352935484
55.76558028242808,63.917974931251045,250.35959338158273,249.33736986010192
26.355165272465943,75.85374757364256,33.55954828419965,34.9347820293571
95.28913924198797,48.4521558981623,918.8760917251591,918.9357726823972
58.07567019735123,73.28098310281464,189.45168961775923,191.3828757969885
62.891281398199,81.01141786923155,124.44033170448972,126.17526154032522
24.528136129559797,89.5763896061376,0.9068140338050442,1.9491242078635302
38.29019645613699,39.255209090052496,146.45862324865757,145.75318359256778
98.8624842981426,45.62765790306539,996.0698348990464,995.9507971261501
98.78971664761414,21.237189524327704,671.7780156264066,672.8406557884815
33.249961787205606,25.810912272623003,88.3467503286687,88.6053162378369
91.43769933461371,65.67232652983276,639.8477492180955,639.7196739173943
70.22399223469327,20.003343464003585,323.1691667209874,322.1868361066648
44.592728309966105,68.43480636351585,138.57977119074351,138.93840142954772
61.51731961966161,89.86574436909939,1.8078570407362848,1.6867992905153033
95.04225153842525,50.871488278376404,901.5262114611136,901.2469605276906
97.52340500098899,29.059904472447478,823.2568172712439,822.3090362582439
28.226822010510908,70.50357647855873,51.10457761650695,50.73356344176355
39.542646334637595,82.14327418706105,43.16716606306384,42.025293946016134
89.95160673567837,63.629725366991565,656.4603822062992,657.2406210902966
59.577157866628845,65.50168920108712,273.05375690019883,273.74921508621446
60.35794143762358,65.00843501900178,284.4110514306552,284.59600082484286
87.83326937393691,66.14457197331501,581.753644240054,579.5840720577685
25.288605981959797,84.88600126112946,11.575498801873838,10.543889420187945
37.65842263498928,81.93966002276966,40.13939029838066,40.290248104852076
63.62819207623625,48.6837425293844,409.2887259822126,409.6490782924342
85.69630874645294,66.18885261351109,553.0109233779467,552.8498517494191
54.042650680133,60.220212262623754,256.6790048538123,255.53712234252012
68.26564385710918,53.7686844379503,452.9658545257331,451.5313042187883
48.354872358198726,72.18191933488944,138.8701206327013,138.87738847640267
97.71103258271283,65.59872627487819,732.3058338528141,731.6858766915362
83.12893568894364,65.34408179468,534.1444907750548,534.1870738095876
74.43376064591796,21.145423132122012,380.0299203484053,379.40286493607573
35.068547725364766,30.794854043833624,110.26395541344134,111.85601798198616
31.347025189277254,46.36390473676638,100.05326777634669,99.42246450975396
44.757790427578286,89.07492002265015,6.592944739905223,6.953642404897187
59.03929005127376,20.272952762826,230.9748733088692,228.6390081914498
93.28617926850798,56.16949116192988,820.5111508832579,821.103665050759
65.79702847903405,83.01390027430008,106.55471845285383,107.82531531272086
51.98460046381968,58.001742990856336,247.58692845320678,247.30313975632203
97.87096743358042,74.01155020726789,517.0923605208466,517.8581106320474
24.622419370787775,69.09531450985591,41.19961731804432,42.640811570158405
27.913752870694353,84.73151037384666,14.524798932105595,15.161948039745228
72.75412187880015,20.130727850321808,348.71016603062543,348.8781563627504
52.91798769493025,81.03976038725523,87.83356502804249,88.93651305885321
33.91507000230821,70.76702007371486,72.93591270852976,73.02167763090038
84.1447595330968,79.22360612506516,265.1398320999668,266.4403821410578
90.0653465657421,42.37033144523137,823.4063341792055,820.6161409059024
32.50231651215745,23.030173931348266,77.54163994840376,77.03397485266494
12.02573312005431,54.96553041285314,13.858932160790253,15.262339766712243
17.121203525650962,80.31798738191993,9.907709839764324,10.550989340044957
65.06257830144142,49.926862228586764,425.1469170903047,424.5910617880538
29.80777963493757,50.46449431736147,88.92852792089909,88.12999963944293
94.97315804977819,22.64401874554915,653.4165055762505,654.2233900500123
55.22173862816491,10.214637093137728,108.50253680024235,109.13948076723493
25.28112565239208,41.560100106061306,64.68229430698659,63.16456329129056
58.05369076032343,39.15156118538889,336.41634276678434,336.3201966854958
89.058056284046,10.884050917538577,299.8311236634846,301.45565077250814
85.4899501649671,22.449337711627617,525.8679900606072,527.5364082254074
30.42146722875913,57.012603261018626,86.16608301240942,85.13382138689235
58.77675311869117,45.59553795404561,352.0856534001583,349.8455246450285
87.02703778597865,49.27799638220769,763.447207852939,762.1493004692297
60.17882333678495,63.58872841204189,294.13731026179,295.01767283758545
10.765366559297942,21.598942634502247,8.086766537002609,9.391248000196764
31.503352895222736,13.117698248887022,44.722476901133845,46.402638425960404
98.1589727180431,68.65022501406965,666.0690654150661,664.4993400446557
78.09749051643144,84.62276807602596,116.01606552629364,117.44169684370678
98.52177241144305,29.422121747227116,846.7387776638608,845.6619907795606
52.963902258099296,78.56713619893456,111.11262448914414,110.54770734865532
37.7457282878609,88.1039719876429,9.605094027249692,10.472032624993728
78.262405845912,10.400714307192223,221.73031518424577,221.36800789824787
83.63524188400004,21.42292690820657,484.8826090666788,485.3801839009626
72.86503621899575,60.97671668677983,459.2088046611475,459.43556993466643
91.66322449081464,70.0594593403678,549.1768864131352,547.7840559666998
50.61828614365703,29.61598596237682,224.42081100473445,225.24835769046243
97.13725037784566,14.556837701143852,467.9771558216762,467.8754537105513
97.72735388280873,72.72098219157522,552.2435690152705,550.9937179908393
70.89439998266369,70.41338313361695,323.6258386418217,322.6865492461164
35.77804042731661,50.65016174627785,127.95639163610548,127.98572197660994
32.81612188909622,77.96975501702602,44.75557750557303,45.89696705011046
48.60419548413846,71.05323879641863,147.90589518026061,146.7715574542148
99.00671941122401,69.23136328317614,662.5887159533142,663.0715537111581
54.20296657329414,50.639193750603646,293.70286896456406,293.77240933816614
94.03465287707864,81.12187592122642,274.8915177065213,276.63194053847684
58.6455274302767,42.05914490131977,348.7453595902821,347.97096124405687
97.3619521844642,23.74371476238144,712.2838440805654,711.098521474222
92.17433148471108,14.92862402596578,431.16294785284896,431.39513894333135
41.37172216915026,30.523533925668353,152.67046161012064,152.48536231573817
99.66722967041805,22.352614610387043,712.3196257515478,711.1079007450052
10.33111659453191,25.56210409896436,8.470105547305602,7.0506242803233015
71.16238093390112,84.47025916475694,99.02477471120699,99.13248632818323
64.80182918100788,59.13122838548786,377.0307909228731,376.1864756571054
68.16318003765937,48.428989692847765,470.2320352320935,470.7818943047785
63.53695480345522,31.494234796604566,366.62335376423204,366.39394636308515
93.4045657009493,80.69215150599119,283.89377569879906,283.5783172156077
61.606540631229294,60.90678337262499,328.7645305896575,329.08545383696463
78.19616444268834,82.72170022875883,156.65961384090187,158.0768486818552
84.47659878689919,74.03133229422536,384.81542519459396,385.0316257595756
76.67459648151885,84.58659305213752,112.5704421196962,112.72579573556077
56.00964909471108,71.93394958604115,188.5602859971244,188.69007983146088
65.79468969837046,45.946388222390944,441.03764224067845,439.9509792956819
63.51814796181629,72.00418991258827,241.68956090580235,240.89944159506035
48.18310974572721,86.62359754806735,27.82763567243538,27.19521641398226
42.84858565254406,18.703344774291224,113.6914486416303,113.35946358335198
83.00263612723184,28.981049232027765,595.3270241650855,594.1633103839021
97.66513767104759,68.460204109074,664.1092221331098,664.3960580054261
63.146989871104196,80.89436050526345,127.03306663893467,126.14247857310441
85.96308471032357,63.00103785717229,609.3982298426818,608.6205358770372
80.72809317471453,62.10447146031386,549.3917416749892,549.1853432025838
72.25428692724705,47.34199598337582,530.40225886898,530.5320369593946
60.19486743786851,11.907192290456727,149.13835016423843,150.85873320893555
52.652276555379714,86.99927776716359,29.54636268789306,28.690813372900006
82.56841073513215,32.01314121509754,624.764204155931,626.4111170750685
82.22504137886851,81.88429838305407,192.64069148950685,191.3356853959202
20.68542865469015,71.86635838782227,25.802014754976632,26.04204755132024
97.7931569966178,20.112721373804703,629.5696895617568,628.4288273912122
36.647212017107776,83.50931238420068,30.75310453871564,30.927996344209525
20.193057271495416,67.1002319603289,29.79865989532369,29.46698409995517
91.66559155870742,82.66637923492992,216.8781228163935,217.05912558703344
59.66683534168577,32.31643218020649,327.9171843376305,327.8495504221497
74.49095641655221,54.579673345351026,534.3064177490684,534.0254864847158
62.69051750072424,27.99320136419741,332.0774454727316,331.1576181335425
84.31412217990317,33.51592432301647,667.2062618882509,666.9913862265475
92.38591020093187,51.97067830779831,844.417415890097,845.4707312038024
34.77434375005156,30.439746326124116,107.686325465824,109.09986991647872
10.291803787874038,11.595914900271165,4.252082227005658,4.162880619248543
66.7077338571908,41.92789410752596,451.0050815482556,452.29176132458537
69.06345768844295,33.609926153405844,448.28820088699507,447.3428768343619
47.8888701819994,13.544401182482817,106.45485363366005,106.96534014912355
78.85009435409033,18.1829088330755,375.7899321667957,376.03404760206735
35.188314453515076,19.836324157735,80.5788577014947,81.46359528832585
67.32430483262635,59.83766836201881,401.43654641823935,400.767263984627
11.591266139613118,75.45424278663369,6.659061614307761,5.351908483827828
96.56323778366573,28.96190568293031,805.4038821252915,806.0182800626302
13.76346513418405,84.25729889354939,3.845011670836822,3.2133382786698443
22.191793426945402,54.0810391184999,47.700290499888915,46.79998981682296
19.371110338329835,80.00095902097465,13.081325755415284,13.711866569534601
73.36012944178381,10.646622742869,199.21724268180424,201.08537058017197
18.406661879175,32.536223964773455,31.319327036684847,29.98097391297464
13.398973994092188,74.0476489660681,9.672208521464624,10.677224959129138
71.22447937165376,42.589277769558656,515.2880492753727,514.886870691344
72.15175588480074,70.27552516964147,337.1828575253688,337.21837281877976
97.32763989750757,89.44151118937785,18.82338423222981,19.59391299277173
70.63352861179519,30.696391431063645,446.487250602076,448.79372703079
58.34387865593771,88.32379848262653,20.291182281195596,20.942671160514138
18.149678929328104,37.405249205319784,32.40598564070711,30.45650221652094
34.26732958198944,41.284192181814596,118.69379307611979,118.01768371407631
43.43436395445977,12.650949198001724,82.190205145736,81.70512094277882
91.17131630937342,60.37630528508891,728.1724758711996,729.1552936573601
59.46251799311479,22.44518014393721,254.37237187248803,255.59385561979732
76.66193977451425,52.701028230949504,577.5722505079799,578.4167691036879
51.92775879437509,72.86287561707246,154.79533516970224,153.2649210266053
66.83997813660599,17.277382974973968,258.3063017149476,259.40788935955476
91.27342289676467,53.79742280520026,809.4906580894301,809.8791168435971
44.90932349936022,74.58493221020389,105.36425309029958,105.87665116276789
62.268997889043845,41.66852771381094,392.5830326991637,393.5505616628077
32.79396363052392,87.28096033808056,10.389376309356683,9.469063842532387
61.11133280881209,55.143240467600485,357.0785872439423,355.28392740112054
44.99357271080339,70.36752873519532,130.60867791946976,130.96432816034743
30.885859697331245,68.29280808676658,66.83096005605152,69.46135261995249
37.45097974823632,71.99595667620108,84.05438968138488,83.20135905564814
15.404887742459234,13.289653655740397,10.823784035828204,10.845310348609098
40.341230280877,76.76902041224155,73.92271289361382,75.12092597303122
75.16139815609245,17.746973382859306,334.3569826216561,335.2205141073949
54.07611042593124,19.164348689779995,184.86472693198894,185.55282675287575
60.89505849319288,31.834509598183935,338.78383306775123,339.2926694773493
38.786716707401666,34.601626895735265,143.36298312319565,144.08998266043696
99.46593839684333,47.61360946530835,1004.3148038883597,1002.8346830259235
36.7859058414613,79.6693673888886,48.67148717624724,48.403656033808
20.88062188396416,21.604066246149458,30.42893997162819,30.470428830588048
19.509617922281038,48.96509005399708,38.42866925123279,38.952597432843646
97.21049878986409,49.1897081941136,953.007260889275,952.0423189136504
13.033888060051183,21.27448560423975,11.71027390802739,12.587924751257901
28.957091813596215,24.30233996813608,64.12062173573274,64.8722476142157
12.027315742952853,57.04157644617026,13.462242493208,13.083044483284734
79.70533856051125,58.20521311156969,580.0091583686669,579.4954346653913
55.06628445787074,22.786551907350763,220.74375681185714,219.55066505330456
88.69627771277341,22.307109287232816,563.2261792801293,564.0308149515711
24.957317376248454,70.10602196513516,40.63231901868565,41.75645039732032
56.89238400986613,63.47379994012169,263.68589006259873,263.5678527385026
42.444826938130596,32.67109502145962,166.8999914153981,165.27632657676932
96.07248921415908,50.65434247653044,922.6018065999377,921.0311574087485
86.71071568315257,37.4655962781935,740.0826572280308,739.169626800537
21.448499913070336,63.43122115940293,37.51951394499615,36.923032966065556
97.63075124310397,16.67541945931478,534.1715153627308,533.731730039373
17.320482135062267,26.022042712379143,24.112595427773726,23.505984587604384
48.821587907289896,29.76561648124718,209.41826008853678,208.40284237368184
67.07253662594331,45.417770285486526,458.5368831856061,458.21330306311904
71.36026110040493,82.06149777161086,142.00950375598737,141.3575133562618
12.37775511579177,78.35875047979847,6.173096485578599,4.896196996312983
51.093599758977895,71.6887732299743,158.74613521460066,159.99865490899566
78.38788700728053,26.47363827509773,499.89188722925473,501.15014042208327
51.44294306303084,27.128672294785147,218.95294636189573,220.07645526766703
71.44998471696158,40.520028823417455,514.047417776103,514.2807488845405
32.6647195830797,58.97134818262784,96.08474892434091,94.77465961437919
57.268405407111125,46.81641194216546,333.6473053241565,334.766039972239
76.72816695012033,83.15314275529863,142.06817575867686,141.8691299961774
55.83968322241569,45.282872571222434,317.8306035235452,317.94431066054204
36.2490333131517,37.881680469840134,129.8305254627498,130.69002332063104
11.738471747264567,88.14248397571303,0.9101012116184876,2.448013974639197
89.50374583881221,76.86100845326965,361.5339597510836,361.57412598328403
42.932276907301336,21.59115062599301,128.57581063113744,128.85128642129007
36.43693124869215,34.23527894390766,125.89384761718284,127.09950414161484
41.8752430199428,81.6603235700594,51.3039474468246,51.19899037998847
70.98863749907355,17.498082409083374,294.6174430405984,294.184467552496
87.40736236504044,45.83024913839688,778.4748983483076,778.0938367883364
67.1753189310154,32.62345325459698,417.72837733168876,419.3705204990143
55.21411372871534,86.72413501313554,35.458282322653325,34.5240865260998
77.66424440465337,34.85886211732775,576.7323603851935,577.9495818969621
51.631664082805784,79.73324941293863,95.31628498091763,95.59247011862224
83.12299997508384,15.339306421449832,359.36230725463014,360.26053654323164
25.997811328025147,33.23541654811034,63.169313665337555,62.84811525576126
79.02003186296355,74.94790957815574,319.2569005346104,317.4025776250234
95.234326888771,12.791239442380231,399.2185089773837,400.0098541728232
71.37465722735097,11.057932816329235,195.50681905776108,194.58216944993544
76.09951844920244,48.012582639423435,587.0688914230051,588.772883402949
68.1763693317221,35.49290225328157,447.95226057615525,446.995999403086
76.59401465185678,65.27868771812702,454.35400442592845,455.5923034842026
20.81088297410194,79.58954745142528,15.69235442094726,16.468965462151242
10.941372030674087,29.399475151050734,10.438085368691794,10.555540653344787
43.325293765171374,25.856179379627218,150.1875416988116,151.38238813391263
19.293502853741195,68.67599861190394,25.707367886685535,25.986190490584956
18.386102809652574,14.680634087532285,16.896053557549102,16.197050588582655
38.89273444212431,43.36177954373369,153.9421228984925,153.2472995968038
96.22828407053278,60.72139605611046,805.3185306933749,802.8815528778819
72.92874588261027,32.12498358168742,488.3235587364001,490.48722998937853
35.01468107574051,42.290048042105454,124.41861167026028,123.7587495175994
92.208370511135,34.9319646131483,813.7307307467024,812.6616359972253
46.3764395620131,35.99606374391964,208.5032036019926,209.61738385281137
26.40496133083509,77.63592029777037,29.730620803131806,28.0497848834088
98.79975894565669,32.30955711376546,899.0016873699545,899.4506548287288
74.04937681365783,25.288732833502312,431.78070517876296,431.0454530801443
87.98918519537023,41.08238454369598,781.836703631175,780.2849567441501
43.3735658308747,49.780080059010594,189.10690465948164,188.68088067966067
92.4124267008983,28.081290784928157,723.0938094003704,724.5400688519178
21.119375391547347,64.4757064625148,35.35848905141036,36.068421954914214
45.53002776695083,85.66210016199987,31.87519298927418,31.7167695334783
32.183486899067944,67.78584002033949,73.91037402803235,75.44190117780794
34.494019722795755,67.18664066726478,86.69668018074677,85.05008546387486
82.34184467856213,22.77182717990162,493.33184672832874,492.08191440338464
80.49827654237701,40.51885485983719,652.4830881749659,651.8493480200056
17.17693788602665,64.73348315825977,23.218535520778463,23.47538636323151
51.707465729647396,11.762595463943928,108.78676375463832,107.28406995837985
86.65324138580883,85.1503137141941,128.9571200237592,128.82295965406158
83.39206508699169,84.93459711885623,124.69139653069868,124.43214539288134
55.220628423030774,81.1056879242803,94.96286135438186,94.0370471884778
22.09700342615784,66.44835048748646,36.463139350285076,36.268338727333145
60.79221310766514,54.316526339988165,356.98069839138043,358.88752592773074
50.86723825995444,41.321957962692295,261.58816926053686,259.82313141653185
97.58401893867708,17.075861916526407,544.9419004579349,543.6354406484984
99.33178157625173,81.84892588154821,282.3280479554213,279.8307403975466
42.454625408341755,57.841414947439766,165.57911062633193,165.0066301219101
41.79060886562958,12.588892282070008,75.73818572291012,76.14210554774243
70.19889614748271,80.12080435910049,169.81589974996615,170.86908626372977
15.08285420598034,73.43757828636839,12.672448205029632,13.225565873890014
20.89458111548349,85.9883882534891,6.211612027727083,8.115318210475541
73.45997926307862,22.92491788392276,394.69772831908466,394.94615363164377
72.98490452587622,84.83268439740644,97.41188426790198,97.65762105136429
21.927718428364667,66.51485723098237,35.82904289180292,34.88096023090199
96.04095249018874,27.367876302333343,767.7132616994214,766.6696206756976
37.976870557149226,33.693009723676624,135.71436433058906,136.77662367122016
65.92228355342502,68.74814963407813,299.3018732125491,299.35174839228625
98.40799845250395,77.86397736466114,405.79546233245264,406.4711974956136
19.029991245758673,42.63229109519726,36.78944102647694,36.740862734046864
23.063930135728246,53.811855175790114,51.67974357748747,52.907458827029316
41.59328573223681,45.6310432283707,176.30802496254125,176.95103451783268
85.97067975487826,81.15654172874181,228.89782171765643,229.59972007248453
18.24027743442266,50.053960968671646,33.38876034211059,33.19280330001933
44.79883446010634,75.00854660527511,102.23743326916072,103.6082931612922
85.00300121337915,45.58558200155861,736.3915171486169,736.624829848888
13.951441815725689,63.508172672701676,15.842525098421376,16.03798156140305
25.770999219140204,81.90761682036066,18.87062231577495,20.463462974739056
32.25903746369639,26.6792600337262,85.11712377904996,84.36462614298543
12.267260761683758,17.58259155728032,8.83486978747646,8.325546934016337
95.86256468150158,80.80688792207704,295.47417413605575,294.2258333936795
48.22893349032292,75.1113899065728,117.75471597002175,119.91825516398971
61.99641043263939,70.23718791530744,249.35042761391497,250.10915254849462
17.274711107229262,57.50114215055593,27.568949389183494,27.566706058548363
35.956139018442705,12.221373532806128,54.53188758605901,54.72942844384637
17.517234017607976,50.24166688772772,30.757538304909666,31.58083016139592
17.511800807668333,87.36885589552753,2.867040735654719,3.998759765319667
54.28568231613318,88.13738658610188,19.517566176233387,21.049495954282015
39.43227409764453,77.7146523737889,65.90760336097048,66.23933095527006
50.98899221837003,49.739121112530285,261.40513137289435,261.6735291960044
62.17014311759788,10.710991963635053,143.90169910097111,141.12302229421746
88.04071203799099,70.23110375611276,502.98598410820546,503.26268873548634
80.66258462423728,67.93551274835744,461.80284191947186,462.9240781427535
39.7111290899072,45.3603204273574,160.73894399906263,159.54018805721293
64.2621004525202,74.43983420263011,217.56776238226706,215.7873020593717
48.34119887006983,61.611050661875055,199.2779765078144,198.2581925078032
61.89558907026439,67.21120137408917,278.91358327036477,278.54361457204925
38.7231311405648,54.76641082281407,144.05565088660563,146.59321189845718
43.05852571355466,39.818472028499635,185.9116175876494,186.50705761584211
59.422338162075604,29.25751549930841,306.94887778606767,307.6250167206509
39.031985739174225,80.8462878031263,48.782227244899275,50.05376607772957
49.713836578520336,20.5350848684966,165.51584254364883,164.84278057876398
21.347295498096017,68.13924214271071,32.10638790264275,33.42429764119566
50.44508245336877,57.06379433557906,236.73744353621785,234.7090001989671
52.703069018759976,74.03201934881635,149.77341586010496,151.10964642787135
21.182268142637238,55.040870020568505,42.957175978679494,44.07597016938208
66.1323246993594,78.96382585009408,167.52855430586817,167.50269074513295
25.104152812583045,51.83625961333636,62.42199152721264,60.320856163996176
78.70974675253218,40.56272021118518,623.961047518351,621.6703250455666
70.54120000113318,23.935903837262103,376.1952095859131,376.3201520390539
58.461707509653934,84.73118122737249,63.715264034717684,62.99683777376179
48.95079502385815,75.96309793416441,114.95034457060513,113.27190239935567
31.29028967808111,17.75527522856467,57.971733916155536,56.920713197104234
11.441639273408278,72.71745559822948,7.570986987016748,7.6359538674553455
82.86754790799259,56.67116991060691,642.710538494243,643.4822238962694
28.732255139386563,50.56664009555237,82.56945268310307,81.59292519870536
93.61488917033792,17.535854654349833,513.3190502193765,513.6295616611276
69.9274542236329,38.32687172748592,484.99366707886867,485.4353400741694
64.8951214383668,26.49203943001787,342.77784392633504,343.44837152440357
75.76902256798292,12.484396894974026,247.033016340794,245.62965752737634
11.51882818760263,77.0841340045706,5.893383609814344,7.398466165584725
18.4636448032488,42.19620368829207,34.58458300058071,35.35015088541364
92.29722658887863,39.23971180275019,850.8818127823541,851.542805436363
59.468169709449676,22.049094435602203,250.86541511546258,250.32624221000157
35.18351914107119,44.37712770374297,126.15570228747376,126.20510658509264
88.38080039452176,11.989631059077697,323.59881729048755,324.90739093392324
44.71360607645909,82.74040521664686,51.09425483618374,51.429485067751145
78.57854252126228,85.22361710454702,104.45553970109638,104.76263979998711
59.11256540764696,67.29807922519501,253.6385145099227,254.19434200786583
84.90496030271287,25.149320680276553,565.3800760624928,562.858700300679
86.25496197150333,79.05203888159735,282.82440291365305,281.64267307097407
34.76377354180499,61.69400747443066,102.86130848423014,101.93798258218382
78.32453472393797,45.934691895104194,625.0221990469314,625.0903474291895
82.67897833217636,42.607683741377556,694.3927087330092,693.4814623891931
81.47806275140377,70.38959216822413,427.9006844880473,428.13048601999236
80.99298634640495,26.449071769104275,533.3245421174112,532.373810825281
98.59706919680374,34.4494062865102,924.5183710531645,924.2333314345173
73.39148934160855,61.8870711331055,456.40085254977015,458.56011703902743
85.41201472503661,27.67256430461699,611.721153796495,611.2061670009194
38.86581911957097,78.23737326637293,61.46194376958014,62.25759276343565
50.54929328045866,82.59748088421608,66.55863063700667,67.770392149363
48.27341184002196,17.128748459651668,133.7175224453748,134.50269618682927
68.57045620720498,40.74357543408069,474.01682936995184,473.71069841718366
18.269738532519796,78.64746332062278,13.133157552684926,13.384226294102032
69.105802646352,30.378226262801327,424.767087590559,425.32252696739886
54.74056268702569,87.18120779133538,30.006748558124258,30.725559889318
42.247338049743824,74.44459093789662,94.00781213360597,93.07999708584795
84.61493469821721,40.12472879049557,719.2927213383033,718.2616873623995
62.89709550618969,62.19316464727642,332.79500530509887,333.47641875571014
37.3969190926126,55.89144260294685,132.38225843188803,132.40833216879196
65.01405570059289,89.8215105071543,2.6844957432241547,1.7738287827691424
33.91060162995694,26.92242465475718,94.64610831809287,93.42103660866975
45.55681302696782,15.645419749890825,109.8815987500275,110.81955151088194
86.56480102180201,45.303025842839816,763.8170820162902,763.79775898592
38.77091800177968,86.6532441811962,17.86019682201311,17.54869448068411
98.84807876211558,40.122526437251864,981.6176194646913,980.8481304900781
35.10926922641083,12.01035412522148,51.1493656817897,51.943955085129176
39.93878693997884,42.6954926425229,162.07426326152873,161.8723050516171
73.65941387459264,35.110068200142905,520.4476146166062,519.3171163815606
59.26345348059308,35.79151724872902,339.68124765985016,337.8066200818949
51.94544817634293,47.51587835607039,273.99906898818875,274.3897544262436
84.57871021848356,70.66578100243059,455.6201519325691,454.911145231584
98.83320255989604,65.16288360127744,759.1135254999606,760.0261874599012
77.63899458586359,50.351704402331634,603.7655520843206,604.157237549389
11.49645256806632,11.005116864754472,5.049240503598747,4.406823469873759
61.10750798565978,60.243537615677795,328.018410846479,326.6015112458257
31.679143276505688,28.36839738236579,85.53958034365691,85.96577040303335
83.3553891218102,76.51015078504787,321.32386246387466,322.21886985037804
32.3048400969935,65.9976399084819,79.06273878080138,80.7263853653017
71.66821413144635,22.757036285935406,373.5347482714266,374.32520385420094
43.31741665563326,67.3565623094873,135.9266827348824,136.02849245571065
80.46045437313981,77.10445074886563,287.12848127791915,287.0263338721637
20.24677044165859,48.53434452648344,41.4695168020463,39.986168868419185
45.810064608767824,19.304985218825557,133.48984774784134,133.71232529783785
66.04809054970771,59.15766603990795,391.4777833791606,392.9552561080254
32.629188471760045,41.27513319878452,107.61234493293863,108.24184674026243
79.0529126480854,46.999731185198044,635.4886803508008,634.5025713702468
80.73456775957442,66.5152583437329,485.69282500682687,487.40804214992835
53.80499356772266,25.470511151751076,229.14815514075283,228.75244748840984
81.32718198510501,89.70605814031518,6.917730220745871,7.092546254607861
56.061540705216714,33.03672010729507,292.8455507556251,291.23544686365335
76.58573419719161,82.68690596966658,150.9760840251122,149.9187681673916
54.5416681723704,83.04473007240509,72.90112407528183,72.87389863965275
65.58290237584603,48.66753683790989,434.85410607337894,435.720572177749
17.24979866378836,82.24962554915079,8.106219251691957,7.53753928947605
55.46591836973466,85.74335899672322,46.42571490214339,45.36972529099266
81.13705974093519,72.18351660299888,390.9606811077904,391.0464332811988
83.35511958624706,59.676930494256446,617.329709038321,617.9290277360988
82.31546289264091,27.52030414543303,566.0746761332016,565.9594084763963
39.431399142572026,58.84771587268972,140.33627223377798,138.69724895788184
56.16526006719008,60.28220243240571,276.88472627595615,276.63549871490983
24.167854502910036,44.768330703457124,59.53782802632844,59.297116587624714
20.891591248563273,37.706641567414664,43.05713248855962,43.598910578668004
56.479916464584775,57.182476294953176,296.21499329890366,294.312693192592
84.49559615777555,88.33644339253132,42.23767325005317,40.98108189857538
42.13518546739924,44.63484966732078,180.96122719961738,180.7819482675784
10.059849249488309,15.839132364038866,5.4174680916077,4.472511069604096
11.445802427021462,24.27280058355313,10.008873170044117,11.826759063447474
13.902799930062454,45.58585489566316,19.69902444525283,20.450334969110923
53.65437321281369,58.74673264285785,260.3130552992084,259.8929350504834
57.93715047350441,79.03336530601698,127.81053351733071,128.54498365438516
36.9895354847671,78.97430463425725,52.363305549881325,52.460045885063245
10.107669963680713,43.2552238570255,10.39506313939339,12.082348261506803
78.63569866726289,52.90521009036116,606.4871565002738,606.1981493456585
32.55599234902202,15.040790682747156,54.154203557926905,53.59643042164419
75.21910922794817,28.614127514926704,484.9505361733401,486.956721109678
27.941633601210967,70.46693360796479,50.15620631365996,51.98335148381314
75.30457245156238,43.082673970863596,576.7668618501051,576.7207975079941
40.885216652783825,83.42304569422204,38.776984835219366,39.8564906920888
33.3354317512605,33.17562912244121,103.76454353583398,104.335797776812
53.41594506053094,65.32102648834734,220.69698696432647,220.37473162931852
33.08317522909307,65.54318013860545,84.09212446143991,84.4631101498964
99.93336091956351,41.5045220029825,1010.4413292211536,1010.5975949457505
79.69584033151122,55.74394187811183,602.443563319009,602.0578187190171
95.88783708745592,52.6416948604202,904.1084887921608,906.4778275047483
63.16833703883754,35.908574195393506,386.4412011112352,387.374000765856
22.1822881603173,23.728636416708177,36.95537140423268,37.575915175191426
89.55908728751169,42.13014075608439,813.5186063609149,814.3385711666152
60.285969342589006,38.94434499343686,362.23273026138645,362.1228342508916
50.07310292046601,51.23249992823682,249.56302696659418,249.75180832524026
68.79317546646072,59.80123332007537,419.4480098242849,421.42491956313677
16.161420094383836,77.89678144574123,10.916939545402403,9.604822280791037
19.389063442681817,52.52893296681438,37.00587434477134,36.41881424520484
16.272163912387196,87.38546973051332,2.4599121486992845,3.3097967114144815
15.121955022175108,39.75304638182648,22.92036641449243,24.07518474093588
42.45574917528036,78.78952217253273,70.0800457600179,70.15598811903293
76.35232049045763,30.746198859037293,522.2069969385067,522.0639560887523
58.92923476188923,11.938688481513102,143.28880084385335,144.8342421007698
17.496180522807627,61.90995067375254,25.92443969948353,24.744313626015167
69.04066776787815,43.547438168063096,485.2688982319883,487.4129769123846
99.29875636492496,46.21834384907234,1004.2127926995754,1004.1658292666294
34.857252143435694,45.565610685439744,123.83192877705267,123.6179374104609
66.7720186209676,67.76729610002623,318.3573070126614,320.6168918048605
14.660870819319747,80.10783436021859,7.416249197439407,7.962768555392172
90.19375738331422,27.327469786692813,676.4026477719107,676.8527672213785
24.94464149388494,23.188362980369234,45.9154776270158,45.097448151752445
49.497966788873235,65.52437216785626,188.34934708473304,187.97039418930254
64.5463191605605,73.75476672100878,228.12717842811483,226.4504185497701
44.1333455841291,89.02019444179788,6.789335709868883,7.485216856548364
76.72868382842982,18.78546168601705,365.9260447294812,367.14047228281146
36.71494121777404,14.06768504214539,64.79630849563058,64.44870536303202
46.04511509817922,56.41022529368747,199.20460802446917,198.45383282593042
96.69519299909682,38.225746189592265,926.5819598142493,927.5490613188372
79.48255179947215,73.05467516163671,359.09129408181235,358.34344178496286
53.1432401235625,12.423576220448735,120.97122444495423,121.5084317845379
46.90168822575974,27.379850311079306,183.14344324504765,182.53592308541408
23.722016994085728,49.58204218575874,56.63114339042917,58.08841217753098
66.2060765276731,65.93635566967012,332.71084257419506,332.8281622744079
60.05302672730814,73.7369103402898,197.66448430236412,197.77015876822708
31.370931876472138,60.70507522137228,85.61862148237834,84.55407031091751
17.38785523155057,30.897236654722278,27.159766416517538,25.963480961782135
33.76210475257899,88.08469475513795,7.762681985422342,7.2729115089616645
94.18713303888283,80.9771116226118,280.13215542675897,279.9245860207498
76.73940785781116,44.03572389294945,599.9593318757128,599.189175187387
64.25077992964853,68.4897713200689,287.10275310820373,287.73279398848246
69.72952335102613,64.34190579901345,386.8983212783724,387.50371060826126
74.26518293534089,79.36268546313538,203.9928891395216,203.62520461793238
64.42973108681026,82.89463806822927,103.88081905917117,104.04247886977512
95.04801789706461,70.38119039778849,582.5104600517623,582.7411492288826
19.04169286131352,87.21622416454868,3.58591546982934,5.797784695880864
34.79360813951176,11.874155100505206,49.6973003402857,47.93662964020355
38.572187802053904,26.540229392809565,121.25148080534096,121.74920879329578
74.63408850267302,82.78999268967323,141.4015013493927,140.18052448861567
74.3244887874164,73.11100197203456,313.07705806572505,313.44131989394015
55.63983466045716,10.979126979337579,118.0032743539699,117.26918712832874
75.34679899571712,36.96922624405297,556.1195960809854,555.0461858580773
11.90568866380744,15.000043210600325,7.224556211568108,7.696117763242739
32.127872789814845,89.5598055875234,1.6167011031482292,2.9328250287086846
49.5695088742246,79.09184826635324,93.08363854466322,92.73212279346262
81.07040958042683,28.812052487468254,565.8258433268588,564.0195966534766
25.013557857664864,21.307654662953954,43.183435319180155,43.944909839306106
23.812397986045927,38.00425251425558,56.086384431253876,56.95613143194315
31.47104203917927,86.63836657367519,11.819900872014788,11.435957863598675
